,Accuracy,ROC-AUC,Precision,Recall,F1
RandomForest,0.9024390243902439,0.95,0.9444444444444444,0.85,0.8947368421052632
XGBoost,0.9024390243902439,0.9523809523809523,0.9,0.9,0.9
LightGBM,0.8536585365853658,0.9547619047619047,0.85,0.85,0.85
